[
{
  "model": "tracker.type",
  "pk": 1,
  "fields": {
    "name": "Задача"
  }
},
{
  "model": "tracker.type",
  "pk": 2,
  "fields": {
    "name": "Баг"
  }
},
{
  "model": "tracker.type",
  "pk": 3,
  "fields": {
    "name": "Улучшение"
  }
},
{
  "model": "tracker.status",
  "pk": 1,
  "fields": {
    "name": "Новый"
  }
},
{
  "model": "tracker.status",
  "pk": 2,
  "fields": {
    "name": "В процессе"
  }
},
{
  "model": "tracker.status",
  "pk": 3,
  "fields": {
    "name": "Выполнено"
  }
},
{
  "model": "tracker.issue",
  "pk": 1,
  "fields": {
    "summary": "Тз дипломка",
    "description": "Тз дипломка",
    "status": 3,
    "project": 1,
    "created_at": "2021-03-11T08:24:12.455Z",
    "updated_at": "2021-03-22T12:09:11.696Z",
    "type": [
      1,
      2
    ]
  }
},
{
  "model": "tracker.issue",
  "pk": 2,
  "fields": {
    "summary": "Тз для стаж",
    "description": "Написать тз для стажа",
    "status": 1,
    "project": 1,
    "created_at": "2021-03-11T08:24:32.027Z",
    "updated_at": "2021-03-22T11:21:07.258Z",
    "type": [
      1,
      2,
      3
    ]
  }
},
{
  "model": "tracker.issue",
  "pk": 3,
  "fields": {
    "summary": "Исправить базу",
    "description": "Исправить базу, добавить поле курс для урока",
    "status": 1,
    "project": 1,
    "created_at": "2021-03-11T08:25:34.406Z",
    "updated_at": "2021-03-22T11:21:20.255Z",
    "type": [
      2
    ]
  }
},
{
  "model": "tracker.issue",
  "pk": 4,
  "fields": {
    "summary": "Баг в базе",
    "description": "баг в базе проекта стажа",
    "status": 2,
    "project": 1,
    "created_at": "2021-03-11T08:26:06.495Z",
    "updated_at": "2021-03-22T11:27:19.028Z",
    "type": [
      1
    ]
  }
},
{
  "model": "tracker.issue",
  "pk": 5,
  "fields": {
    "summary": "Гант",
    "description": "Диаграмма Ганта для дип",
    "status": 3,
    "project": 1,
    "created_at": "2021-03-11T08:26:43.673Z",
    "updated_at": "2021-03-22T11:21:51.061Z",
    "type": [
      1
    ]
  }
},
{
  "model": "tracker.issue",
  "pk": 6,
  "fields": {
    "summary": "Пройти тест",
    "description": "сделать домашку по криптографии",
    "status": 3,
    "project": 1,
    "created_at": "2021-03-11T08:27:14.218Z",
    "updated_at": "2021-03-22T11:22:03.513Z",
    "type": [
      1
    ]
  }
},
{
  "model": "tracker.issue",
  "pk": 25,
  "fields": {
    "summary": "Тз дипломкаfwegew",
    "description": "aeg lkn newnew",
    "status": 3,
    "project": 2,
    "created_at": "2021-03-29T12:07:03.329Z",
    "updated_at": "2021-04-07T07:20:21.993Z",
    "type": [
      1,
      2,
      3
    ]
  }
},
{
  "model": "tracker.issue",
  "pk": 27,
  "fields": {
    "summary": "Тз дипломка",
    "description": "'l, lkn",
    "status": 2,
    "project": 2,
    "created_at": "2021-04-06T13:09:21.277Z",
    "updated_at": "2021-04-06T13:09:21.470Z",
    "type": [
      2,
      3
    ]
  }
},
{
  "model": "tracker.issue",
  "pk": 28,
  "fields": {
    "summary": "Тз дипломка",
    "description": "'l, lkn",
    "status": 2,
    "project": 2,
    "created_at": "2021-04-06T13:09:35.650Z",
    "updated_at": "2021-04-06T13:09:35.893Z",
    "type": [
      2,
      3
    ]
  }
},
{
  "model": "tracker.issue",
  "pk": 29,
  "fields": {
    "summary": "Тз дипломка",
    "description": "'l, lkn",
    "status": 2,
    "project": 2,
    "created_at": "2021-04-06T13:10:12.411Z",
    "updated_at": "2021-04-06T13:10:12.627Z",
    "type": [
      2,
      3
    ]
  }
},
{
  "model": "tracker.issue",
  "pk": 30,
  "fields": {
    "summary": "Тз дипломка",
    "description": "'l, lkn",
    "status": 2,
    "project": 2,
    "created_at": "2021-04-06T13:11:06.257Z",
    "updated_at": "2021-04-06T13:11:06.474Z",
    "type": [
      2,
      3
    ]
  }
},
{
  "model": "tracker.issue",
  "pk": 31,
  "fields": {
    "summary": "Тз дипломка",
    "description": "jhcrb jrevjb",
    "status": 2,
    "project": 2,
    "created_at": "2021-04-06T13:25:35.003Z",
    "updated_at": "2021-04-06T13:25:35.327Z",
    "type": [
      2
    ]
  }
},
{
  "model": "tracker.issue",
  "pk": 32,
  "fields": {
    "summary": "Тз дипломка",
    "description": "jhcrb jrevjb",
    "status": 2,
    "project": 2,
    "created_at": "2021-04-06T13:27:41.608Z",
    "updated_at": "2021-04-06T13:27:41.900Z",
    "type": [
      2
    ]
  }
},
{
  "model": "tracker.issue",
  "pk": 34,
  "fields": {
    "summary": "Исправить базу",
    "description": "'l'lm l;m",
    "status": 2,
    "project": 14,
    "created_at": "2021-04-06T13:35:07.378Z",
    "updated_at": "2021-04-06T13:35:07.677Z",
    "type": [
      2
    ]
  }
},
{
  "model": "tracker.issue",
  "pk": 36,
  "fields": {
    "summary": "ffefef f",
    "description": "df fefe",
    "status": 3,
    "project": 16,
    "created_at": "2021-04-06T14:09:05.154Z",
    "updated_at": "2021-04-06T14:16:40.343Z",
    "type": [
      1,
      2,
      3
    ]
  }
},
{
  "model": "tracker.issue",
  "pk": 37,
  "fields": {
    "summary": "scs",
    "description": "sscs fdsfs",
    "status": 3,
    "project": 2,
    "created_at": "2021-04-06T14:09:49.507Z",
    "updated_at": "2021-04-06T14:09:49.507Z",
    "type": [
      1,
      2
    ]
  }
},
{
  "model": "tracker.issue",
  "pk": 38,
  "fields": {
    "summary": "scs",
    "description": "sscs fdsfs",
    "status": 3,
    "project": 2,
    "created_at": "2021-04-06T14:12:58.596Z",
    "updated_at": "2021-04-06T14:12:58.596Z",
    "type": [
      1,
      2
    ]
  }
},
{
  "model": "tracker.issue",
  "pk": 39,
  "fields": {
    "summary": "Исправить базу",
    "description": "jg kjg",
    "status": 3,
    "project": 2,
    "created_at": "2021-04-06T14:13:26.153Z",
    "updated_at": "2021-04-06T14:13:26.153Z",
    "type": [
      1,
      2,
      3
    ]
  }
},
{
  "model": "tracker.issue",
  "pk": 40,
  "fields": {
    "summary": "Ошибка в базе",
    "description": "'lm;l ;lm",
    "status": 3,
    "project": 16,
    "created_at": "2021-04-06T14:16:27.825Z",
    "updated_at": "2021-04-06T14:16:27.825Z",
    "type": [
      2,
      3
    ]
  }
},
{
  "model": "tracker.issue",
  "pk": 41,
  "fields": {
    "summary": "Ошибка в базе",
    "description": "greh grg",
    "status": 1,
    "project": 16,
    "created_at": "2021-04-07T07:25:43.012Z",
    "updated_at": "2021-04-07T07:25:43.012Z",
    "type": [
      2,
      3
    ]
  }
},
{
  "model": "tracker.issue",
  "pk": 42,
  "fields": {
    "summary": "Ошибка в базе",
    "description": "greh grg",
    "status": 1,
    "project": 16,
    "created_at": "2021-04-07T07:25:43.526Z",
    "updated_at": "2021-04-07T07:25:43.526Z",
    "type": [
      2,
      3
    ]
  }
},
{
  "model": "tracker.project",
  "pk": 1,
  "fields": {
    "begin_date": "2016-09-05",
    "end_date": "2021-07-08",
    "name": "Как закончить универ",
    "description": "Задачи для ежедневных нервных срывов&bsfbs",
    "is_deleted": false
  }
},
{
  "model": "tracker.project",
  "pk": 2,
  "fields": {
    "begin_date": "2020-09-14",
    "end_date": "2021-08-01",
    "name": "Как закончить курсы",
    "description": "Задачи",
    "is_deleted": false
  }
},
{
  "model": "tracker.project",
  "pk": 8,
  "fields": {
    "begin_date": "2020-09-14",
    "end_date": "2021-08-01",
    "name": "Амин",
    "description": ";l,",
    "is_deleted": false
  }
},
{
  "model": "tracker.project",
  "pk": 9,
  "fields": {
    "begin_date": "2020-09-14",
    "end_date": "2021-08-01",
    "name": "Амин516",
    "description": "new descl",
    "is_deleted": true
  }
},
{
  "model": "tracker.project",
  "pk": 10,
  "fields": {
    "begin_date": "2020-09-14",
    "end_date": "2021-08-01",
    "name": "Амин 1",
    "description": ";l,",
    "is_deleted": true
  }
},
{
  "model": "tracker.project",
  "pk": 13,
  "fields": {
    "begin_date": "2020-09-14",
    "end_date": null,
    "name": "Вася",
    "description": "kjkbjb",
    "is_deleted": true
  }
},
{
  "model": "tracker.project",
  "pk": 14,
  "fields": {
    "begin_date": "2020-09-14",
    "end_date": null,
    "name": "Окрошка",
    "description": "l,",
    "is_deleted": true
  }
},
{
  "model": "tracker.project",
  "pk": 15,
  "fields": {
    "begin_date": "2020-09-14",
    "end_date": null,
    "name": "new",
    "description": "l;m new",
    "is_deleted": true
  }
},
{
  "model": "tracker.project",
  "pk": 16,
  "fields": {
    "begin_date": "2020-09-14",
    "end_date": null,
    "name": "new",
    "description": "new",
    "is_deleted": false
  }
},
{
  "model": "tracker.project",
  "pk": 17,
  "fields": {
    "begin_date": "2020-09-14",
    "end_date": null,
    "name": "new new",
    "description": "new",
    "is_deleted": false
  }
},
{
  "model": "tracker.project",
  "pk": 18,
  "fields": {
    "begin_date": "2020-09-14",
    "end_date": null,
    "name": "gmdfrkbr",
    "description": "ff[[f f[f[[f[f",
    "is_deleted": true
  }
},
{
  "model": "auth.user",
  "pk": 1,
  "fields": {
    "password": "pbkdf2_sha256$216000$lcRel05LuNnh$AJAimTQaFt12x1xBPbKi/WI6+00nt4qH6EM7792IyCY=",
    "last_login": "2021-04-12T10:52:55.237Z",
    "is_superuser": true,
    "username": "admin",
    "first_name": "",
    "last_name": "",
    "email": "",
    "is_staff": true,
    "is_active": true,
    "date_joined": "2021-03-11T08:16:12.944Z",
    "groups": [],
    "user_permissions": []
  }
},
{
  "model": "auth.user",
  "pk": 2,
  "fields": {
    "password": "pbkdf2_sha256$216000$6fIwQxPlyI6x$7B5T07UWW7rvykekio7rEmVDdgLwPZ3D7uw1dX3aIeM=",
    "last_login": "2021-04-09T16:36:09.803Z",
    "is_superuser": false,
    "username": "amin",
    "first_name": "AAAMin",
    "last_name": "MAAM",
    "email": "zulaykaisaeva@gmail.com",
    "is_staff": false,
    "is_active": true,
    "date_joined": "2021-04-09T16:36:09.448Z",
    "groups": [],
    "user_permissions": []
  }
},
{
  "model": "auth.user",
  "pk": 3,
  "fields": {
    "password": "pbkdf2_sha256$216000$NVWpYEvqUbO7$cQHw8M0MZ4iCeoOkOUKrfbKzbaohguJIEzwKKUU9XEI=",
    "last_login": "2021-04-09T16:40:05.047Z",
    "is_superuser": false,
    "username": "zulayka",
    "first_name": "AAAMin",
    "last_name": "",
    "email": "zulaykaisaeva@gmail.com",
    "is_staff": false,
    "is_active": true,
    "date_joined": "2021-04-09T16:40:04.695Z",
    "groups": [],
    "user_permissions": []
  }
},
{
  "model": "auth.user",
  "pk": 4,
  "fields": {
    "password": "pbkdf2_sha256$216000$euxzZgxVWv17$5wEp3czoWR0Tj5kMnFPQzCipL729/hC+AlMs7aSeUQ4=",
    "last_login": "2021-04-09T16:41:21.439Z",
    "is_superuser": false,
    "username": "zulayka1",
    "first_name": "",
    "last_name": "MAAM",
    "email": "1604.01008@manas.edu.kg",
    "is_staff": false,
    "is_active": true,
    "date_joined": "2021-04-09T16:41:21.123Z",
    "groups": [],
    "user_permissions": []
  }
},
{
  "model": "auth.user",
  "pk": 5,
  "fields": {
    "password": "pbkdf2_sha256$216000$M5KMvCnaUOj0$4LY58XwkIKhBBTHIQdqDM/uJECMwq/wgjEOqp/VpcxM=",
    "last_login": "2021-04-09T16:44:17.792Z",
    "is_superuser": false,
    "username": "amin1",
    "first_name": "AAAMin",
    "last_name": "",
    "email": "",
    "is_staff": false,
    "is_active": true,
    "date_joined": "2021-04-09T16:44:17.462Z",
    "groups": [],
    "user_permissions": []
  }
},
{
  "model": "auth.user",
  "pk": 6,
  "fields": {
    "password": "pbkdf2_sha256$216000$O1t800lnLZ69$gJL6y1ryHRFTjAhJP3IMTO70qppcA65GwtBeP/ZUxfI=",
    "last_login": "2021-04-09T16:57:54.107Z",
    "is_superuser": false,
    "username": "kutman",
    "first_name": "Kutman-bey",
    "last_name": "Tash",
    "email": "",
    "is_staff": false,
    "is_active": true,
    "date_joined": "2021-04-09T16:57:53.796Z",
    "groups": [],
    "user_permissions": []
  }
}
]
